Neighborhood	Sector #	Population (2010)	Total # Units (2000)	Total # Units (2010)	% Occupied Units (2010)	% Vacant Units (2010)	# Occupied Units (2010)	% Owner Occupied Units (2010)	% Renter Occupied Units (2010)	Est. Avg. Yrs. of Residence (2010)	% Living in Household (2010)	% Living in Group Quarters (2010)	% Units Built 00-09	% Units Built 90-99	% Units Built 80-89	% Units Built 60-79	% Units Built 40-59	% Units Built before 1939	Median Home Value (2000)	Med. Val. ('00 in '10 Dollars)	Median Home  Value (2010)	% Change Real Value 2000-2010	Median Sale Price (2010)	# Sales Counted (2010)	Foreclosures (2008)	Foreclosures (2010)	% of all Housing Units Foreclosed (2010)
Allegheny Center	3	933	675	1052	0.51520912547528496805426811988581903278827667236328125	0.484790874524714976434580648856353946030139923095703125	535	0.10093457943925200626100746603697189129889011383056640625	0.8990654205607480076167803417774848639965057373046875	0	1	0	0.046153846153845996813647190037954715080559253692626953125	0.0205128205128199993245718957268763915635645389556884765625	0.07435897435897399765369897295386181212961673736572265625	0.67307692307692301714183713556849397718906402587890625	0.1730769230769229893862615199395804665982723236083984375	0.0128205128205130004792611231323462561704218387603759765625	86500.0	109535.0	136300.0	0.244351120646	N/A	0	0	0	0
Allegheny West	3	462	390	355	0.7492957746478869918149712248123250901699066162109375	0.2507042253521130081850287751876749098300933837890625	203	0.1822660098522169980217455531601444818079471588134765625	0.81773399014778302973383006246876902878284454345703125	15	1	0	0	0.036474164133739002402467832553156767971813678741455078125	0	0.07902735562309999572949692492329631932079792022705078125	0.3100303951367779919934264398762024939060211181640625	0.5744680851063830306912905143690295517444610595703125	159700.0	202228.202312	123600.0	-0.388809282846	309940.0	7	0	1	0.0028169014084510001459660255562766906223259866237640380859375
Allentown	6	2500	1505	1291	0.80015491866770005469078341775457374751567840576171875	0.199845081332301000021089976144139654934406280517578125	953	0.59181532004197301422010468741063959896564483642578125	0.40818467995802698577989531258936040103435516357421875	5	0.92054176072234794592219486730755306780338287353515625	0.079458239277651998566653901434619911015033721923828125	0	0.0148963730569949999449352873170937527902424335479736328125	0.08160621761658000405947888111768406815826892852783203125	0.07124352331606199906222087747664772905409336090087890625	0.2033678756476680060671924366033636033535003662109375	0.62888601036269398125710949898348189890384674072265625	34300.0	43434.1098266	42200.0	-0.0284133790589	8500.0	70	27	11	0.008520526723469999674787089816163643263280391693115234375
Arlington	7	1869	880	886	0.865688487584650001593900014995597302913665771484375	0.134311512415349998406099985004402697086334228515625	754	0.6538461538461539657163257288630120456218719482421875	0.346153846153845978772523039879160933196544647216796875	11	1	0	0	0.01144640998959399989798324526191208860836923122406005859375	0.0156087408949009999459267561405795277096331119537353515625	0.00520291363163400029379079825275766779668629169464111328125	0.244536940686784998177927263895981013774871826171875	0.723204994797085998214924984495155513286590576171875	38800.0	49132.4624277	44200.0	-0.100391109747	15397.0	34	12	13	0.01467268623024800024146063748275992111302912235260009765625
Arlington Heights	7	244	557	148	0.91216216216216194911936554490239359438419342041015625	0.087837837837837995369483223839779384434223175048828125	139	0.187050359712229996578258806039229966700077056884765625	0.81294964028776994791058996270294301211833953857421875	2	1	0	0	0	0.07065217391304400018636755476109101437032222747802734375	0.353260869565217017207459093697252683341503143310546875	0.483695652173913026583562668747617863118648529052734375	0.092391304347825997655974106237408705055713653564453125	45000.0	56983.5260116	64400.0	0.130151194697	N/A	0	0	0	0
Banksville	5	4144	2203	2118	0.95420207743153895307841594330966472625732421875	0.045797922568460998349326729339736630208790302276611328125	2093	0.49880554228380302728140804902068339288234710693359375	0.50119445771619697271859195097931660711765289306640625	5	0.85241210139002399071017634923919104039669036865234375	0.147587898609975010089101488119922578334808349609375	0.0128205128205130004792611231323462561704218387603759765625	0.09770114942528700108237416088741156272590160369873046875	0.04597701149425299782524945158002083189785480499267578125	0.415561450044209024223818005339126102626323699951171875	0.381520778072502009248267995644710026681423187255859375	0.0464190981432359983660518309989129193127155303955078125	87200.0	110421.410405	110900.0	0.00433421012847	101430.5	40	7	5	0.002360717658168000158969146440313124912790954113006591796875
Bedford Dwellings	15	1202	1049	746	0.872654155495979022560959492693655192852020263671875	0.1273458445040210051946161229352583177387714385986328125	695	0.07625899280575500205348049576059565879404544830322265625	0.92374100719424501182430731205386109650135040283203125	2	1	0	0.037037037037037000286598953380234888754785060882568359375	0.0812425328554360060007155652783694677054882049560546875	0.07526881720430099453889027927289134822785854339599609375	0.11947431302269999331411298726379754953086376190185546875	0.301075268817203978155561117091565392911434173583984375	0.385902031063320993808929415536113083362579345703125	17200.0	21780.3699422	81100.0	2.7235363869	200.0	1	0	1	0.0013404825737269999812173448816565723973326385021209716796875
Beechview	5	7974	4048	3939	0.892612338156892004548126351437531411647796630859375	0.10738766184310699625115148592158220708370208740234375	3518	0.5872654917566799692707490976317785680294036865234375	0.412734508243319975218099671110394410789012908935546875	6	1	0	0.0048626306831999997759563569843521690927445888519287109375	0.0048626306831999997759563569843521690927445888519287109375	0.03622659858983699743273376725483103655278682708740234375	0.1504984196450279976264852166423224844038486480712890625	0.3766107464138099825134986531338654458522796630859375	0.42693897398492597350383448429056443274021148681640625	56150.0	71102.7774566	72400.0	0.0182443301057	36067.5	128	64	40	0.01015486164000999926015911256627077818848192691802978515625
Beltzhoover	6	1925	1298	1085	0.73456221198156701479575758639839477837085723876953125	0.26543778801843298520424241360160522162914276123046875	849	0.73498233215547703611747465402004308998584747314453125	0.265017667844523019393676577237783931195735931396484375	17	1	0	0.027615062761505999866518124008507584221661090850830078125	0	0.00836820083681999969671405636972849606536328792572021484375	0.092050209205020994129853306731092743575572967529296875	0.1983263598326359955503761511863558553159236907958984375	0.67364016736401699514402707791305147111415863037109375	34000.0	43054.2196532	36000.0	-0.163845024019	2744.0	39	12	11	0.0101382488479259992575354232258177944459021091461181640625
Bloomfield	12	8442	5432	5136	0.89018691588785003876438395309378392994403839111328125	0.10981308411215000286897947034958633594214916229248046875	4924	0.36677497969130801180881462641991674900054931640625	0.63322502030869198819118537358008325099945068359375	3.20000000000000017763568394002504646778106689453125	0.996087806998477987008300260640680789947509765625	0.00391219300152099991318976890397607348859310150146484375	0.01148004238784900050973636354001428117044270038604736328125	0.0060049452490289999262440545635399757884442806243896484375	0.01395266690215500073046772655516178929246962070465087890625	0.07135287884139900060898042966073262505233287811279296875	0.1676086188625930117890305837136111222207546234130859375	0.7296008477569759786973691007005982100963592529296875	60560.0	76687.1630058	92840.0	0.210632866846	99250.0	118	18	12	0.002336448598131000108091281930455807014368474483489990234375
Bluff	15	6600	721	388	0.72680412371133995552696660524816252291202545166015625	0.273195876288659988961882163494010455906391143798828125	293	0.37201365187713297810745416427380405366420745849609375	0.62798634812286702189254583572619594633579254150390625	0	0.07241910631741099724223431621794588863849639892578125	0.9275808936825880035570435211411677300930023193359375	0	0.01356589147286800002556450550628142082132399082183837890625	0.054263565891472999302980184666012064553797245025634765625	0.1395348837209300085770991017852793447673320770263671875	0.147286821705426007600436832944978959858417510986328125	0.64534883720930202866128411187673918902873992919921875	40600.0	51411.8034682	21200.0	-0.587643331495	50000.0	40	0	1	0.002577319587628999937589657776015883428044617176055908203125
Bon Air	6	808	404	387	0.94056847545219601780530638279742561280727386474609375	0.059431524547804003011375328924259520135819911956787109375	423	0.84869976359338095139861479765386320650577545166015625	0.151300236406618993090233971088309772312641143798828125	15	1	0	0	0.0277136258660510004236954273437731899321079254150390625	0.0461893764434180009725849913593265227973461151123046875	0.0277136258660510004236954273437731899321079254150390625	0.55196304849884503251900014220154844224452972412109375	0.34642032332563499341659962738049216568470001220703125	63300.0	80156.8265896	69500.0	-0.132949706756	65000.0	7	2	4	0.010335917312662000477896384609266533516347408294677734375
Brighton Heights	2	7247	3664	3615	0.90152143845089904861112017897539772093296051025390625	0.098478561549101006900031052282429300248622894287109375	3645	0.65733882030178303335077316660317592322826385498046875	0.342661179698217022160378064654651097953319549560546875	4.6666666666666696272613990004174411296844482421875	1	0	0.00283213182286299984535826723686113837175071239471435546875	0.0370751802265699981209223778932937420904636383056640625	0.09088568486096799958762204596496303565800189971923828125	0.0502059732234809985573775747980107553303241729736328125	0.2031410916580839998157870240902411751449108123779296875	0.615859938208032975381911455770023167133331298828125	68733.0	87036.6376301	81433.3333333	-0.0643786852215	67000.0	163	55	35	0.0096818810511760007575521314038269338198006153106689453125
Brookline	5	13214	6349	6364	0.9351037083595219456810809788294136524200439453125	0.064896291640477998807767789912759326398372650146484375	6183	0.7452692867540029464379358614678494632244110107421875	0.254730713245996998050912907274323515594005584716796875	8.75	1	0	0.0060848916592460000618558524365653283894062042236328125	0.004600771742356999684242513382059769355691969394683837890625	0.0345799940635199976046720848898985423147678375244140625	0.1215494211932320045566058297481504268944263458251953125	0.45903829029385601057100529942545108497142791748046875	0.3741466310477890022667679659207351505756378173828125	67175.0	85063.7413295	82150.0	-0.0342536230354	75000.0	251	78	62	0.0097423004399749997539448287398045067675411701202392578125
California-Kirkbride	3	761	450	393	0.79389312977099202317532444794778712093830108642578125	0.2061068702290080045802511676811263896524906158447265625	268	0.440298507462687005453716437841649167239665985107421875	0.55970149253731305005743479341617785394191741943359375	5	0.950990615224192037402417554403655230998992919921875	0.049009384775807997292051965132486657239496707916259765625	0.055928411633109999245849763838123180903494358062744140625	0.08277404921700200202128172577431541867554187774658203125	0	0.0648769574944070004374196969365584664046764373779296875	0.1946308724832210013122590908096753992140293121337890625	0.60178970917226004555544704999192617833614349365234375	32000.0	40521.6184971	113200.0	1.79357054823	9600.0	38	4	2	0.005089058524172999746493228911958794924430549144744873046875
Carrick	5	10113	5114	5041	0.8815711168418960408388329597073607146739959716796875	0.11842888315810400079453046373600955121219158172607421875	4772	0.6839899413243919479299393060500733554363250732421875	0.316010058675607996558909462692099623382091522216796875	8	0.98988163421153096965809936591540463268756866455078125	0.01011836578846900085160154247887476230971515178680419921875	0.00545112781954899990044527413601826992817223072052001953125	0.0065789473684210002246697257533014635555446147918701171875	0.0242481203007520011716291463699235464446246623992919921875	0.1261278195488720055283948795477044768631458282470703125	0.26842105263157900463255600698175840079784393310546875	0.5691729323308269972159223470953293144702911376953125	53233.0	67408.9786705	66900.0	-0.00755060647051	40250.0	150	68	49	0.009720293592541000282647445374095696024596691131591796875
Central Business District	16	3629	1623	2342	0.81383432963279200844652905288967303931713104248046875	0.18616567036720799155347094711032696068286895751953125	1627	0.2397049784880150025134781799351912923157215118408203125	0.7602950215119850252420974356937222182750701904296875	0	0.72724089635854405333503791553084738552570343017578125	0.272759103641457001376835478367866016924381256103515625	0.042296072507552996688762192434296594001352787017822265625	0.0176233635448139989987392795001142076216638088226318359375	0.03927492447129900254854106833590776659548282623291015625	0.39526686807653599320389048443757928907871246337890625	0.147532729103726001351759578028577379882335662841796875	0.358006042296072024555542157031595706939697265625	59400.0	75218.2543353	125800.0	0.672466359553	240000.0	99	1	6	0.002561912894961999864751334143875283189117908477783203125
Central Lawrenceville	13	4482	2904	2670	0.85880149812734096759214708072249777615070343017578125	0.1411985018726590046522773036485887132585048675537109375	2388	0.491624790619765994481582538355723954737186431884765625	0.50837520938023395000726623038644902408123016357421875	5.5	0.95506552943623901352765415140311233699321746826171875	0.04493447056376100035013365641134441830217838287353515625	0.005263157894736999846407865533137737656943500041961669921875	0.01403508771929799954503170766884068143554031848907470703125	0.0200000000000000004163336342344337026588618755340576171875	0.0547368421052630005352312991817598231136798858642578125	0.142456140350877002997975750986370258033275604248046875	0.7635087719298250252819570960127748548984527587890625	41950.0	53121.3092486	66850.0	0.258440368764	67500.0	107	11	11	0.004119850187266000003660781914049948682077229022979736328125
Central Northside	3	2923	1992	1971	0.805175038051749947243251881445758044719696044921875	0.194824961948249997245596887296414934098720550537109375	1522	0.4375821287779240176263328976347111165523529052734375	0.5624178712220759823736671023652888834476470947265625	3.5	0.9699008498583570059281555586494505405426025390625	0.030099150141643001010738345257777837105095386505126953125	0	0.0153010858835140005351771463892873725853860378265380859375	0.0153010858835140005351771463892873725853860378265380859375	0.0893385982231000019826439029202447272837162017822265625	0.15054294175715698944628684330382384359836578369140625	0.72951628825271497280624544146121479570865631103515625	63550.0	80473.4017341	124300.0	0.544609738392	59247.0	117	16	14	0.0071029934043629998352553656104646506719291210174560546875
Central Oakland	14	6086	2555	2531	0.9419201896483599956155785548617132008075714111328125	0.058079810351639997445527541231058421544730663299560546875	1970	0.1380710659898480019425193177085020579397678375244140625	0.86192893401015202581305629792041145265102386474609375	0	0.93283270755110603289494974887929856777191162109375	0.0671672924488939948606258667496149428188800811767578125	0.0034364261168380000159572329465618167887441813945770263671875	0.0214776632302410008801274443612783215939998626708984375	0.08333333333333299564049667651488562114536762237548828125	0.262457044673539974244391714819357730448246002197265625	0.1761168384879729931213887539342977106571197509765625	0.4531786941580759897618690956733189523220062255859375	62100.0	78637.265896	144350.0	0.835643678037	104940.0	22	1	1	0.0003951007506909999847898029567971889264299534261226654052734375
Chartiers City	4	477	238	236	0.902542372881355969838068631361238658428192138671875	0.0974576271186440024063557530098478309810161590576171875	193	0.9015544041450780365920536496560089290142059326171875	0.09844559585492200504130977378736133687198162078857421875	32	1	0	0	0	0	0.26890756302521001686045565293170511722564697265625	0.34453781512604997327997580214287154376506805419921875	0.38655462184874000985956854492542333900928497314453125	63200.0	80030.1965318	76700.0	-0.0416117500157	70900.0	5	7	4	0.0169491525423729992583243841863804846070706844329833984375
Chateau	3	11	29	4	1	0	28	0	1	0	1	0	0	0	0	1	0	0	N/A	N/A	N/A	N/A	250000.0	1	9	0	0
Crafton Heights	4	3814	1819	1836	0.8850762527233120291469958829111419618129730224609375	0.1149237472766879986085797327177715487778186798095703125	1634	0.6279069767441860516754559284891001880168914794921875	0.372093023255814003835695302768726833164691925048828125	6.5	1	0	0	0.01295336787564800064276315794131733127869665622711181640625	0.049740932642487002690590003339821123518049716949462890625	0.2336787564766840130658920315909199416637420654296875	0.29637305699481897303115829345188103616237640380859375	0.407253886010362997627254344479297287762165069580078125	64450.0	81613.0722543	76650.0	-0.0608122218322	40000.0	60	29	18	0.0098039215686269998162316596790333278477191925048828125
Crawford-Roberts	15	2256	1540	1270	0.90866141732283500775935181081877090036869049072265625	0.09133858267716500611843599699568585492670536041259765625	1230	0.2447154471544719933628897479138686321675777435302734375	0.75528455284552797888153463645721785724163055419921875	3	1	0	0.08480104370515299805344255901218275539577007293701171875	0.290280495759948020673135715696844272315502166748046875	0.07305936073059400570617327730360557325184345245361328125	0.2237442922374429932208528271075920201838016510009765625	0.07827788649706500512248652512425906024873256683349609375	0.249836921069797990302419066210859455168247222900390625	70800.0	89654.0809249	94600.0	0.0551666920694	11500.0	28	1	2	0.001574803149605999950944035248312502517364919185638427734375
Duquesne Heights	6	2425	1417	1393	0.88729361091170100284131194712244905531406402587890625	0.11270638908829899715868805287755094468593597412109375	1287	0.55866355866355899006947538509848527610301971435546875	0.44133644133644100993052461490151472389698028564453125	5	1	0	0.00817438692098100029570506563914022990502417087554931640625	0.0047683923705719999386332119684084318578243255615234375	0.1587193460490460006351298716253950260579586029052734375	0.15258855585831099244131792147527448832988739013671875	0.277929155313351994305293146680924110114574432373046875	0.397820163487738021057538162494893185794353485107421875	66200.0	83829.0982659	100500.0	0.198867721101	90610.0	50	5	8	0.005743000717874999737355690143658648594282567501068115234375
East Allegheny	3	2136	1735	1577	0.7939124920735569634899775337544269859790802001953125	0.2060875079264430087544468506166595034301280975341796875	1355	0.415498154981550016362490396204520948231220245361328125	0.5845018450184500391486608350533060729503631591796875	4	1	0	0.00809935205183599966904939293499410268850624561309814453125	0.01403887688984900052047155583068160922266542911529541015625	0.0269978401727859994296832013560560881160199642181396484375	0.061015118790497001322048475913106813095510005950927734375	0.1771058315334770039140011022027465514838695526123046875	0.71274298056155505065589750302024185657501220703125	36700.0	46473.2312139	77100.0	0.659019568602	51688.0	78	6	4	0.002536461636017999822512170027266620309092104434967041015625
East Carnegie	4	570	193	251	0.8924302788844620248909222937072627246379852294921875	0.1075697211155380028646533219216507859528064727783203125	114	0.71929824561403499227907332169706933200359344482421875	0.28070175438596500772092667830293066799640655517578125	30	1	0	0	0	0	0	0.3019801980198020263657099349074997007846832275390625	0.6980198019801979736342900650925002992153167724609375	54400.0	68886.7514451	63500.0	-0.0781972052983	48250.0	16	1	2	0.007968127490040000093785010903957299888134002685546875
East Hills	11	3169	1890	1522	0.8659658344283840403221574888448230922222137451171875	0.1340341655716159874334181267840904183685779571533203125	1205	0.50871369294605794930674846909823827445507049560546875	0.491286307053941995182100299643934704363346099853515625	9	1	0	0.052663438256658999525594566648578620515763759613037109375	0.088983050847458000642831166260293684899806976318359375	0.006053268765133000030298493499003598117269575595855712890625	0.39527845036319597671337078281794674694538116455078125	0.302058111380144989066565130997332744300365447998046875	0.154963680387408986316444270414649508893489837646484375	50900.0	64454.699422	40700.0	-0.368548758042	11357.5	30	17	9	0.00591327201051199992376528058457552106119692325592041015625
East Liberty	12	5869	4062	3519	0.86842853083262294688893234706483781337738037109375	0.131571469167376997599916421677335165441036224365234375	3114	0.2148362235067440006996974943831446580588817596435546875	0.7851637764932559715447268899879418313503265380859375	3	0.9421874999999999555910790149937383830547332763671875	0.05781250000000000277555756156289135105907917022705078125	0.05200405885337400224699422324192710220813751220703125	0.0596144089294770029852088555344380438327789306640625	0.060375443937087998336199490267972578294575214385986328125	0.262049720953831000169742537764250300824642181396484375	0.13444951801116200584829130093567073345184326171875	0.4315068493150679973524574961629696190357208251953125	51400.0	65087.849711	64650.0	-0.00672705755263	79250.0	78	17	10	0.0028417163967040001519570591170804618741385638713836669921875
Elliott	4	2381	1415	1270	0.80944881889763797833126091063604690134525299072265625	0.1905511811023619939131634737350395880639553070068359375	987	0.61398176291793304937272068855236284434795379638671875	0.386018237082067006138430542705464176833629608154296875	10	1	0	0.007027406886859000230416416599155127187259495258331298828125	0.055516514406183999075228285846606013365089893341064453125	0.035839775122979998511763000124119571410119533538818359375	0.090653548840477993220332564305863343179225921630859375	0.1517919887561489933336389412943390198051929473876953125	0.65917076598735102610504554832004941999912261962890625	46100.0	58376.4566474	51300.0	-0.121221071881	7031.0	59	23	30	0.0236220472440939986691343932534437044523656368255615234375
Esplen	4	301	231	166	0.78915662650602402816701896881568245589733123779296875	0.2108433734939759995885566468132310546934604644775390625	137	0.62773722627737205126408071009791456162929534912109375	0.372262773722628004247070521159912459552288055419921875	7	1	0	0	0	0.040000000000000000832667268468867405317723751068115234375	0.032727272727273000463288354922042344696819782257080078125	0.090909090909090994880870084671187214553356170654296875	0.83636363636363597606759867630898952484130859375	31000.0	39255.3179191	51400.0	0.309376734789	7750.0	4	6	0	0
Fairywood	4	1002	644	540	0.86111111111111104943205418749130330979824066162109375	0.138888888888889006079097043766523711383342742919921875	153	0.464052287581698974516797306932858191430568695068359375	0.535947712418300969972051461809314787387847900390625	3	1	0	0	0.074380165289256006122542430603061802685260772705078125	0.033057851239668999132614857217049575410783290863037109375	0.32644628099173600421778473901213146746158599853515625	0.32231404958677700722802228483487851917743682861328125	0.243801652892562004115717400054563768208026885986328125	47000.0	59516.1271676	72800.0	0.223197870301	319980.0	8	1	1	0.00185185185185200002454253276340523370890878140926361083984375
Fineview	3	1285	856	760	0.80526315789473701389766802094527520239353179931640625	0.1947368421052630138579075946836383081972599029541015625	672	0.55059523809523802651000323749030940234661102294921875	0.44940476190476197348999676250969059765338897705078125	5	1	0	0	0.056581986143186997761933554329516482539474964141845703125	0.0288683602771360008076850789393574814312160015106201171875	0.1570438799076210034666445380935329012572765350341796875	0.331408775981524017506529844467877410352230072021484375	0.42609699769053099860371958129690028727054595947265625	39400.0	49892.2427746	58900.0	0.180544243444	16000.0	23	4	5	0.0065789473684210002246697257533014635555446147918701171875
Friendship	12	1785	1180	1163	0.92089423903697298356973988120444118976593017578125	0.07910576096302700255247231098110205493867397308349609375	1012	0.1393280632411069974718742514596669934689998626708984375	0.86067193675889297477255013291141949594020843505859375	0	1	0	0.035923141186299002713955275112311937846243381500244140625	0.0033416875522140000905058077051990039763040840625762939453125	0.023391812865496998397052408336094231344759464263916015625	0.05513784461152899940561411540329572744667530059814453125	0.253968253968254009667049331255839206278324127197265625	0.62823725981620703873176125853206031024456024169921875	115600.0	146384.346821	167300.0	0.142881760471	197950.0	18	3	5	0.004299226139294999755879889136167548713274300098419189453125
Garfield	12	3675	2581	1971	0.7691527143581939895966570475138723850250244140625	0.2308472856418060104033429524861276149749755859375	1743	0.467010900745840007441955776812392286956310272216796875	0.53298909925416004806919545444543473422527313232421875	5.3333333333333303727386009995825588703155517578125	1	0	0.060854553301682996757637766904736054129898548126220703125	0.0353905912818300028011009317197022028267383575439453125	0.048338368580059999646270085804644622839987277984619140625	0.0401381096245140012168661769464961253106594085693359375	0.24557617608977100331912879482842981815338134765625	0.56970220112214098318048627334064804017543792724609375	34033.0	43096.0075723	60300.0	0.399201536219	7839.0	93	21	15	0.0076103500761039999389367949333973228931427001953125
Glen Hazel	9	716	287	249	0.94779116465863399998426075399038381874561309814453125	0.05220883534136600001573924600961618125438690185546875	266	0.082706766917293006446953995691728778183460235595703125	0.9172932330827070490641972355660982429981231689453125	5	0.69668874172185402127155384732759557664394378662109375	0.30331125827814597872844615267240442335605621337890625	0	0.04895104895104900044611184739551390521228313446044921875	0.160839160839160999483254954611766152083873748779296875	0.31818181818181801023825983065762557089328765869140625	0.25174825174825199436412503928295336663722991943359375	0.2202797202797200093460361358665977604687213897705078125	N/A	N/A	N/A	N/A	50000.0	4	0	1	0.004016064257028000190896666055095920455642044544219970703125
Greenfield	9	7294	3873	3805	0.9140604467805519828260685244458727538585662841796875	0.08593955321944800329614366773967049084603786468505859375	3728	0.6636266094420599781500413882895372807979583740234375	0.3363733905579400218499586117104627192020416259765625	6	1	0	0.022980164489597998400682854480692185461521148681640625	0.01233671988389000058472522169950025272555649280548095703125	0.018867924528302000564128348969461512751877307891845703125	0.040154813739718998866212729126345948316156864166259765625	0.279148524431542977009002015620353631675243377685546875	0.62651185292694699935367452781065367162227630615234375	65800.0	83322.5780347	90900.0	0.0909408007295	118250.0	160	23	18	0.004730617608409999792773437121695678797550499439239501953125
Hays	8	362	228	203	0.81773399014778302973383006246876902878284454345703125	0.1822660098522169980217455531601444818079471588134765625	214	0.7943925233644859584813957553706131875514984130859375	0.2056074766355140137630286290004733018577098846435546875	8	1	0	0	0.032786885245902001873030684464538353495299816131591796875	0	0	0.0819672131147539950735136926596169359982013702392578125	0.88524590163934402387013733459752984344959259033203125	38500.0	48752.5722543	50800.0	0.0419963019589	10100.0	7	1	1	0.00492610837438399971899283258380819461308419704437255859375
Hazelwood	9	4317	2746	2361	0.797966963151206964965922452392987906932830810546875	0.2020330368487930072785019319780985824763774871826171875	1919	0.505992704533611004080739803612232208251953125	0.494007295466388995919260196387767791748046875	7	1	0	0.0217889908256879982761944347657845355570316314697265625	0.01185015290519900003907149965698408777825534343719482421875	0.07645259938837900559605031958199106156826019287109375	0.1659021406727829994753875553215038962662220001220703125	0.23126911314984699430397085961885750293731689453125	0.49273700305810397281902623944915831089019775390625	38700.0	49005.8323699	65550.0	0.337595890733	5500.0	117	28	21	0.00889453621346899918342909785451411153189837932586669921875
Highland Park	12	6395	3396	3272	0.91748166259168695280123984048259444534778594970703125	0.08251833740831300556539673607403528876602649688720703125	3259	0.53636084688554797050841216332628391683101654052734375	0.463639153114451973980436605415889061987400054931640625	3.5	0.98705120659211298406177093056612648069858551025390625	0.01294879340788700032571778564260966959409415721893310546875	0	0.00988739357319400047341417803181684575974941253662109375	0.00796484482285099958109864104471853352151811122894287109375	0.11590222466355400154913724009020370431244373321533203125	0.2175226586102720072180005672635161317884922027587890625	0.64872287833012898250473199368570931255817413330078125	99900.0	126503.427746	167400.0	0.323284301328	159000.0	83	18	12	0.0036674816625920001432470396451890337630175054073333740234375
Homewood North	11	3280	2171	1807	0.71610403984504700236612961816717870533466339111328125	0.28389596015495299763387038183282129466533660888671875	1515	0.406600660066006980297714790140162222087383270263671875	0.5933993399339929641911339786020107567310333251953125	5.5	1	0	0.00962463907603500028187237802512754569761455059051513671875	0	0.02454282964388800059030160127804265357553958892822265625	0.098171318575553001561928567753056995570659637451171875	0.2333974975938399865071914973668754100799560546875	0.63426371511068302400104812477366067469120025634765625	37900.0	47992.7919075	35450.0	-0.261347410913	6991.0	51	12	13	0.00719424460431699989981790821502727339975535869598388671875
Homewood South	11	2344	2047	1507	0.715992037159919991751166890026070177555084228515625	0.284007962840080008248833109973929822444915771484375	1087	0.456301747930082990389877295456244610249996185302734375	0.54369825206991695409897147328592836856842041015625	7	1	0	0.00659340659340700019352965455254889093339443206787109375	0.0247252747252750017248335012709503644146025180816650390625	0.03021978021978000139569076054613105952739715576171875	0.10109890109890100340361840380865032784640789031982421875	0.16648351648351600307051967320148833096027374267578125	0.67087912087912104919240618983167223632335662841796875	33800.0	42800.9595376	48400.0	0.130815769621	7000.0	107	15	10	0.006635700066357000208305816357778894598595798015594482421875
Homewood West	11	818	583	532	0.77819548872180399623488256111158989369869232177734375	0.221804511278195004564395276247523725032806396484375	444	0.28603603603603600102900372803560458123683929443359375	0.71396396396396399897099627196439541876316070556640625	4	1	0	0.20238095238095199501771048744558356702327728271484375	0	0	0.1294642857142860037367171344158123247325420379638671875	0.147321428571428991727287893809261731803417205810546875	0.52083333333333303727386009995825588703155517578125	38400.0	48625.9421965	34500.0	-0.290502179669	6029.0	66	6	1	0.0018796992481200001066932170346035491093061864376068115234375
Knoxville	6	3747	1923	1857	0.78621432417878300835667459978139959275722503662109375	0.21378567582121699164332540021860040724277496337890625	1453	0.6579490708878179550112008655560202896595001220703125	0.342050929112181989477647903186152689158916473388671875	8	1	0	0.025026068821689000098995592225037398748099803924560546875	0	0	0.053180396246090000378359263777383603155612945556640625	0.184567257559958008972245124823530204594135284423828125	0.73722627737226298361150611526682041585445404052734375	36000.0	45586.8208092	39900.0	-0.124747036716	10633.5	50	36	19	0.0102315562735600003307911975980459828861057758331298828125
Larimer	12	1728	1428	892	0.7421524663677130373429235987714491784572601318359375	0.257847533632287018168227632486377842724323272705078125	644	0.531055900621117960014316849992610514163970947265625	0.468944099378881984474531918749562464654445648193359375	12	0.92179104477611895074318226761533878743648529052734375	0.078208955223880993745666501126834191381931304931640625	0.1304713804713799885082181617690366692841053009033203125	0.050505050505049997600082178905722685158252716064453125	0	0.1161616161616159936809111741240485571324825286865234375	0.09680134680134699909359596858848817646503448486328125	0.606060606060605966405319122713990509510040283203125	40250.0	50968.5982659	34850.0	-0.316245665259	4754.5	120	10	10	0.01121076233183899983902875874264282174408435821533203125
Lincoln Place	8	3227	1619	1569	0.92734225621414900775363321372424252331256866455078125	0.07265774378585100612415459409021423198282718658447265625	1586	0.883354350567465029797631359542720019817352294921875	0.1166456494325349979579442560861934907734394073486328125	15	1	0	0.0096385542168670006180075660040529328398406505584716796875	0	0.0180722891566259986906306522769227740354835987091064453125	0.166867469879518004471918857234413735568523406982421875	0.437349397590361010923487583568203262984752655029296875	0.368072289156625986894511015634634532034397125244140625	65300.0	82689.4277457	77700.0	-0.0603393672165	55000.0	59	18	13	0.0082855321861060003685306440956992446444928646087646484375
Lincoln-Lemington-Belmar	11	4883	2319	2551	0.79694237553900404424922498947125859558582305908203125	0.203057624460996011261926241786568425595760345458984375	1778	0.63554555680539903672610080320737324655055999755859375	0.364454443194601018785050428050453774631023406982421875	7	0.8095147115017200523112705923267640173435211181640625	0.190485288498280003199880638931063003838062286376953125	0.006398537477148000078563949699628210510127246379852294921875	0.027879341864717001320261857699733809567987918853759765625	0	0.1302559414990860087169011194418999366462230682373046875	0.27605118829981700745435091448598541319370269775390625	0.55941499085923196421532566091627813875675201416015625	44800.0	56730.265896	43766.6666667	-0.228512929114	6575.0	36	15	20	0.0078400627205020001486701630710740573704242706298828125
Lower Lawrenceville	13	2341	1448	1386	0.85137085137085100061682396699325181543827056884765625	0.14862914862914899938317603300674818456172943115234375	1294	0.30602782071097400784509545701439492404460906982421875	0.69397217928902599215490454298560507595539093017578125	2	0.9362352042764410242625672253780066967010498046875	0.0637647957235590034930083902509068138897418975830078125	0.01779359430605000069736121304231346584856510162353515625	0.01209964412811399998848305159526717034168541431427001953125	0.05338078291815000209208363912694039754569530487060546875	0.2163701067615660111886910499379155226051807403564453125	0.1601423487544479939970187842845916748046875	0.54021352313167303460517132407403551042079925537109375	37000.0	46853.1213873	56900.0	0.214433495896	65000.0	63	9	11	0.00793650793650800025214042676680037402547895908355712890625
Manchester	3	2130	1348	1319	0.7854435178165279918260921476758085191249847412109375	0.2145564821834720081739078523241914808750152587890625	821	0.5627283800243609857005822050268761813640594482421875	0.4372716199756390142994177949731238186359405517578125	5	1	0	0.02095084609186100010891351530517567880451679229736328125	0.046736502820306002892181140850880183279514312744140625	0.0918614020950850040936330742624704726040363311767578125	0.1361804995970989917708493521786294877529144287109375	0.1877518130539889973373846032700384967029094696044921875	0.5165189363416600176748261219472624361515045166015625	71900.0	91047.0115607	101300.0	0.112612026068	9202.0	45	13	17	0.01288855193328299932054026299965698854066431522369384765625
Marshall-Shadeland	2	6043	2448	2253	0.8109187749667110534090852524968795478343963623046875	0.189081225033289002102065978760947473347187042236328125	1939	0.61990716864363104576796104083769023418426513671875	0.380092831356369009743190190420136786997318267822265625	7	0.9198849630238290497885600416339002549648284912109375	0.080115036976171005722591189623926766216754913330078125	0.01496259351620999981935522527010107296518981456756591796875	0	0	0.033665835411471001226146881890599615871906280517578125	0.276807980049875002048764827122795395553112030029296875	0.67456359102244400904879739755415357649326324462890625	47100.0	59642.7572254	61900.0	0.0378460500415	13500.0	101	37	37	0.016422547714158998444222703483319492079317569732666015625
Middle Hill	15	1707	1334	1120	0.8214285714285709527615608749329112470149993896484375	0.178571428571428991727287893809261731803417205810546875	967	0.442605997931747985330019901084597222506999969482421875	0.5573940020682519591588288676575757563114166259765625	4	1	0	0.1651305683563749904241291233120136894285678863525390625	0	0.044546850998463997928222823929900187067687511444091796875	0.09139784946236599594282523639776627533137798309326171875	0.07834101382488499465406306399017921648919582366943359375	0.6205837173579109578014367798459716141223907470703125	30200.0	38242.2774566	72800.0	0.903652314707	4317.0	152	4	5	0.0044642857142860002672701824621981359086930751800537109375
Morningside	12	3346	1679	1643	0.92878880097382798819438676218851469457149505615234375	0.07121119902617199792782542999702855013310909271240234375	1645	0.6686930091185410152121448845718987286090850830078125	0.3313069908814589847878551154281012713909149169921875	5	0.99511135252580096288710365115548484027385711669921875	0.004888647474198999816341615343162629869766533374786376953125	0	0	0.0173281162660700004118918826634399010799825191497802734375	0.039128004471771997418994004647174733690917491912841796875	0.2152040245947459962128078814203036017715930938720703125	0.728339854667412023303540991037152707576751708984375	59500.0	75344.8843931	89700.0	0.190525418183	83250.0	48	9	8	0.00486914181375499958981389880818824167363345623016357421875
Mount Washington	6	8799	5251	5175	0.8633816425120770521317581369658000767230987548828125	0.136618357487923003379393094292026944458484649658203125	4681	0.50245674001281803722207541795796714723110198974609375	0.497543259987182018289075813299859873950481414794921875	3.5	1	0	0.0199372346317150013483843196127054397948086261749267578125	0.020860254753553998663395674384446465410292148590087890625	0.039874469263430002696768639225410879589617252349853515625	0.1113162266937419986323476450706948526203632354736328125	0.233339486800812012656791694098501466214656829833984375	0.57467232785674704498291021081968210637569427490234375	55450.0	70216.367052	78175.0	0.113344413591	46000.0	203	60	31	0.005990338164251000387106049771546167903579771518707275390625
Mt. Oliver	7	509	246	232	0.8362068965517239771401136749773286283016204833984375	0.1637931034482759951043107093937578611075878143310546875	213	0.67605633802816900157495183520950376987457275390625	0.32394366197183099842504816479049623012542724609375	12	1	0	0	0	0	0.09859154929577500225956754320577601902186870574951171875	0.3286384976525820178494541323743760585784912109375	0.57276995305164302152434174786321818828582763671875	39200.0	49638.982659	56700.0	0.142247422546	15000.0	6	2	42	0.1810344827586209959235930000431835651397705078125
New Homestead	8	990	387	429	0.93939393939394000287990138531313277781009674072265625	0.060606060606061003259714681234981981106102466583251953125	436	0.903669724770642002198428599513135850429534912109375	0.096330275229357997801571400486864149570465087890625	19	1	0	0.130733944954127989657166608594707213342189788818359375	0.032110091743118997220651777979583130218088626861572265625	0.0298165137614679991162613958977090078406035900115966796875	0.380733944954127989657166608594707213342189788818359375	0.1811926605504589893325118055145139805972576141357421875	0.245412844036696997651603169288136996328830718994140625	90900.0	115106.722543	117400.0	0.0199230540665	100000.0	11	3	3	0.006993006993006999939821444201015765429474413394927978515625
North Oakland	14	10551	4003	3761	0.944961446423822959417293532169423997402191162109375	0.05503855357617699894934304438720573671162128448486328125	3234	0.29344465058750801578213440734543837606906890869140625	0.70655534941249198421786559265456162393093109130859375	5.6666666666666696272613990004174411296844482421875	0.5597540525433200020444246547413058578968048095703125	0.4402459474566799979555753452586941421031951904296875	0.025967143614201999846091695189898018725216388702392578125	0.0174880763116059996520323949198427726514637470245361328125	0.06014838367779500039045359471856500022113323211669921875	0.2276099629040810035096598085146979428827762603759765625	0.271595124536301024686935079444083385169506072998046875	0.397191308956015010078743898702668957412242889404296875	222423.0	281654.373468	273000.0	-0.0307269273388	145000.0	61	1	8	0.0021270938580159998686214262164639876573346555233001708984375
North Shore	16	303	251	241	0.8547717842323649950486696980078704655170440673828125	0.1452282157676350049513303019921295344829559326171875	183	0	1	0	1	0	0.1699029126213590090710425783981918357312679290771484375	0.60194174757281604382086470650392584502696990966796875	0.058252427184466000487095271864745882339775562286376953125	0.058252427184466000487095271864745882339775562286376953125	0.11165048543689300164505340262621757574379444122314453125	0	20000.0	25326.0115607	N/A	N/A	19524500.0	2	0	0	0
Northview Heights	1	1214	879	723	0.636237897648685990503736320533789694309234619140625	0.363762102351314009496263679466210305690765380859375	527	0	1	4	1	0	0	0.105263157894737002795437774693709798157215118408203125	0.028340080971659999120593198540518642403185367584228515625	0.55465587044534403471374162108986638486385345458984375	0.10121457489878500635160918363908422179520130157470703125	0.21052631578947400559087554938741959631443023681640625	29400.0	37229.2369942	N/A	N/A	30902.5	2	0	1	0.0013831258644539999418110465256859242799691855907440185546875
Oakwood	4	1027	551	571	0.95446584938704004397180824526003561913967132568359375	0.04553415061295999766155517818333464674651622772216796875	575	0.438260869565216981680322305692243389785289764404296875	0.5617391304347829628085264630499295890331268310546875	5	1	0	0	0.034883720930233001744635856766763026826083660125732421875	0.081395348837209002823556147632189095020294189453125	0.225913621262458008676077270138193853199481964111328125	0.3820598006644519983865393442101776599884033203125	0.2757475083056479814302974773454479873180389404296875	74500.0	94339.3930636	108500.0	0.150102798805	105000.0	9	0	0	0
Overbrook	5	3644	1726	1706	0.92907385697538102942161231112550012767314910888671875	0.0709261430246189983339633045034133829176425933837890625	1700	0.88235294117647000700088710800628177821636199951171875	0.11764705882352899379839072935283184051513671875	15.5	1	0	0	0	0	0.08942632170978599692734434256635722704231739044189453125	0.5163104611923510223192579360329546034336090087890625	0.394263217097862994631185529215144924819469451904296875	61850.0	78320.6907514	76200.0	-0.027077017977	63150.0	64	18	0	0
Perry North	2	4050	2116	1929	0.87039917055469195883432576010818593204021453857421875	0.1296008294453080134100986242629005573689937591552734375	1698	0.76501766784452296388252534597995691001415252685546875	0.2349823321554770083618990383911295793950557708740234375	7	0.97519307278258804405624005084973759949207305908203125	0.0248069272174120010465703245472468552179634571075439453125	0	0.007025761124122000163272350192755766329355537891387939453125	0.07494145199063199924705003240887890569865703582763671875	0.1203747072599530010261759116474422626197338104248046875	0.222014051522248012648930171053507365286350250244140625	0.57564402810304404756180929325637407600879669189453125	61850.0	78320.6907514	76300.0	-0.0258002161633	43750.0	96	24	20	0.0103680663556250003687342342573174391873180866241455078125
Perry South	2	4145	2612	2361	0.76493011435832303224202632918604649603366851806640625	0.2350698856416769955135492864428670145571231842041015625	1728	0.469328703703703997707208372958120889961719512939453125	0.53067129629629594678164039578405208885669708251953125	5	0.98209718670076695534731925363303162157535552978515625	0.0179028132992329995498703709699839237146079540252685546875	0.04369538077403199716197690349872573278844356536865234375	0.01498127340824000064412047095174784772098064422607421875	0.07948397836038299801852957671144395135343074798583984375	0.1602163961714520024059993374976329505443572998046875	0.248023304203079997254377531135105527937412261962890625	0.453599667082813018392783988019800744950771331787109375	44500.0	56350.3757225	51350.0	-0.0887372206206	4797.5	114	36	15	0.00635324015247800029382307940295504522509872913360595703125
Point Breeze	10	5315	2565	2483	0.95126862666129696766148526876349933445453643798828125	0.048731373338702997644045211700358777306973934173583984375	2458	0.7941415785191210385818294525961391627788543701171875	0.2058584214808789891737461630327743478119373321533203125	9.5	0.98205518875909902920540162085671909153461456298828125	0.0179448112409009985501739947721944190561771392822265625	0.02200303490136600037541114716077572666108608245849609375	0.00531107738998500000793256958786514587700366973876953125	0.009104704097117000127781238916213624179363250732421875	0.07169954476479499516639037892673513852059841156005859375	0.14795144157814898999703245863202027976512908935546875	0.7439301972685889996483865616028197109699249267578125	164000.0	207673.294798	240300.0	0.157105925603	242500.0	78	6	27	0.01087394281111600004285921983182561234571039676666259765625
Point Breeze North	11	2054	1208	1167	0.8903170522707799516837212649988941848278045654296875	0.10968294772922000668291531155773554928600788116455078125	909	0.39493949394939498187540038998122327029705047607421875	0.60506050605060501812459961001877672970294952392578125	3	1	0	0	0.0162733930024409993719824996105671743862330913543701171875	0.050447518307567003337243960459090885706245899200439453125	0.048006509357201000709469695948428125120699405670166015625	0.2343368592351509904769812919766991399228572845458984375	0.6509357200976400026348756000516004860401153564453125	83200.0	105356.208092	99500.0	-0.0555848411642	57250.0	24	7	5	0.0042844901456729998778794055169782950542867183685302734375
Polish Hill	13	1274	928	849	0.82096584216725598803776620115968398749828338623046875	0.17903415783274401196223379884031601250171661376953125	715	0.55664335664335695685878135918756015598773956298828125	0.443356643356642987630067409554612822830677032470703125	8	1	0	0	0.04646017699115000121334873028899892233312129974365234375	0.13163716814159298618136517688981257379055023193359375	0.01216814159291999992984489864511488121934235095977783203125	0.1615044247787610076638742384602664969861507415771484375	0.6482300884955749520344170377939008176326751708984375	40500.0	51285.1734104	62700.0	0.222575567762	19900.0	37	1	3	0.0035335689045939999188006286345853368402458727359771728515625
Regent Square	10	928	562	479	0.95198329853862195815139557453221641480922698974609375	0.04801670146137800021524100202441331930458545684814453125	540	0.755555555555555979907467190059833228588104248046875	0.2444444444444439923369571943112532608211040496826171875	8	1	0	0	0	0	0.0994940978077570037374499634097446687519550323486328125	0.09106239460371000349336867429883568547666072845458984375	0.80944350758853300664696917010587640106678009033203125	113000.0	143091.965318	196300.0	0.371845019836	224900.0	17	1	2	0.0041753653444679995898614066618392826057970523834228515625
Ridgemont	4	483	233	218	0.95871559633027503277702408013283275067806243896484375	0.041284403669725001917445439403309137560427188873291015625	257	0.76264591439688700358345840868423692882061004638671875	0.23735408560311299641654159131576307117938995361328125	13	1	0	0	0	0	0.1077441077441080030663300703963614068925380706787109375	0.74410774410774405129842534734052605926990509033203125	0.1481481481481480011463958135209395550191402435302734375	70300.0	89020.9306358	90500.0	0.0166148494921	52000.0	9	5	0	0
Shadyside	12	13915	8451	8610	0.9334494773519159682706458625034429132938385009765625	0.0665505226480840039737785218676435761153697967529296875	8185	0.294929749541844976601367989132995717227458953857421875	0.7050702504581549678874807796091772615909576416015625	0.40000000000000002220446049250313080847263336181640625	0.956445504278299996059331533615477383136749267578125	0.043554495721699997001774562477294239215552806854248046875	0.0227349847302340014876254059572602272965013980865478515625	0.035742563058477998250150875492181512527167797088623046875	0.0896957357764960050428015847501228563487529754638671875	0.23560683180635699773830538106267340481281280517578125	0.200995362515552999926882193904020823538303375244140625	0.415224522112883021041085385149926878511905670166015625	153560.0	194453.116763	264860.0	0.362076393575	247000.0	204	8	2	0.00023228803716599999624504990780593516319640912115573883056640625
Sheraden	4	5299	2621	2509	0.849740932642486956893890237552113831043243408203125	0.150259067357512987594958531190059147775173187255859375	2237	0.6481895395619130528785944989067502319812774658203125	0.351810460438087002632556732351076789200305938720703125	6.5	1	0	0.0148014440433209999714581073249064502306282520294189453125	0.01985559566786999907694877265385002829134464263916015625	0.048736462093863001932003697902473504655063152313232421875	0.11480144404332100205312627849707496352493762969970703125	0.190613718411552002240938463728525675833225250244140625	0.6111913357400720059331433731131255626678466796875	50500.0	63948.1791908	61600.0	-0.0367200320708	11500.0	115	69	12	0.004782781984855000341483322046087778289802372455596923828125
South Oakland	14	2969	1558	1469	0.89925119128659003475689814877114258706569671630859375	0.10074880871341000687646527467222767882049083709716796875	1134	0.4329805996472659845863972805091179907321929931640625	0.5670194003527340154136027194908820092678070068359375	4	0.960381511371974028179465676657855510711669921875	0.0396184886280259995761099389710579998791217803955078125	0.02022178734507500130757051692853565327823162078857421875	0.005218525766471000283674985809057034202851355075836181640625	0.103718199608611005846370289873448200523853302001953125	0.06914546640573999980450281555022229440510272979736328125	0.1337247227658190096288848280892125330865383148193359375	0.66797129810828403950750953299575485289096832275390625	47700.0	60402.5375723	77200.0	0.278091999159	93000.0	51	10	34	0.0231449965963240016086910344483840162865817546844482421875
South Shore	16	19	40	15	0.66666666666666696272613990004174411296844482421875	0.333333333333332981762708868700428865849971771240234375	18	0	1	16	1	0	0	0	0	1	0	0	N/A	N/A	N/A	N/A	200.0	1	0	5	0.333333333333332981762708868700428865849971771240234375
South Side Flats	7	6597	3613	4326	0.87263060564031402766005385274183936417102813720703125	0.1273693943596860000955217628870741464197635650634765625	3921	0.432542718694211014707207141327671706676483154296875	0.567457281305788985292792858672328293323516845703125	1.5	1	0	0.1528451698279660042611993731043185107409954071044921875	0.019188354653727000831420212989542051218450069427490234375	0.0099250110277900004118745158621095470152795314788818359375	0.03815615350683700113254559482811600901186466217041015625	0.12329069254521400622603977126345853321254253387451171875	0.656594618438465005283433129079639911651611328125	77100.0	97631.7745665	153750.0	0.574794688335	174500.0	158	18	0	0
South Side Slopes	7	4423	2580	2552	0.83463949843260198946381933637894690036773681640625	0.16536050156739801053618066362105309963226318359375	2218	0.6122633002705140103927305972320027649402618408203125	0.3877366997294859896072694027679972350597381591796875	6	1	0	0.025009061254078000791079006148720509372651576995849609375	0.0105110547299749994276663045411623897962272167205810546875	0.01667270750271800106023789567188941873610019683837890625	0.046393620877128997903593443652425776235759258270263671875	0.095324392895976994832807349666836671531200408935546875	0.8060891627401229886373812405508942902088165283203125	43700.0	55337.3352601	73050.0	0.320085249075	47700.0	113	20	9	0.0035266457680250000612798277899173626792617142200469970703125
Spring Garden	1	884	621	552	0.74637681159420299348283833751338534057140350341796875	0.25362318840579700651716166248661465942859649658203125	608	0.513157894736842035143808971042744815349578857421875	0.486842105263158020367342260215082205832004547119140625	7	1	0	0	0.0179640718562870012331433855479190242476761341094970703125	0.1646706586826350016128372999446582980453968048095703125	0	0.2365269461077839918683451969627640210092067718505859375	0.58083832335329399487733326168381609022617340087890625	29800.0	37735.7572254	48000.0	0.272003095453	8252.0	24	7	18	0.032608695652174002344025893762591294944286346435546875
Spring Hill-City View	1	2648	1392	1326	0.87481146304675705405173857798217795789241790771484375	0.125188536953243001459412653275649063289165496826171875	1191	0.497061293031065998260231708627543412148952484130859375	0.502938706968933946228617060114629566669464111328125	5	0.95633027522935798447889510498498566448688507080078125	0.04366972477064200164331708720055758021771907806396484375	0	0	0.08379888268156400477071343857460306026041507720947265625	0.1731843575418990088810033967092749662697315216064453125	0.328910614525139977093459719981183297932147979736328125	0.4141061452513969953770356369204819202423095703125	43700.0	55337.3352601	58900.0	0.0643808510681	11750.0	42	14	7	0.0052790346907989997571331031167574110440909862518310546875
Squirrel Hill North	10	11363	3969	3892	0.9301130524152110279345606613787822425365447998046875	0.0698869475847889998210149542501312680542469024658203125	3889	0.59244021599382901133168388696503825485706329345703125	0.40755978400617098866831611303496174514293670654296875	6	0.70522942234034202702019911157549358904361724853515625	0.29477057765965797297980088842450641095638275146484375	0.0177671068427369995001985358840101980604231357574462890625	0.0096038415366150008123380388269652030430734157562255859375	0.05498199279711900311351513437330140732228755950927734375	0.12244897959183699553964430606356472708284854888916015625	0.255942376950779981736872059627785347402095794677734375	0.53925570228091201929743192522437311708927154541015625	254667.0	322484.969306	344900.0	0.0695072106519	337500.0	103	6	9	0.0023124357656730001008005270790590657270513474941253662109375
Squirrel Hill South	10	15110	7069	7514	0.945568272557891997820433971355669200420379638671875	0.054431727442108002179566028644330799579620361328125	7135	0.4562018220042050042906112139462493360042572021484375	0.5437981779957949957093887860537506639957427978515625	2.666666666666670071350608850480057299137115478515625	0.9594779771615009611451796445180661976337432861328125	0.04052202283849899722145693203856353648006916046142578125	0.0210664911125739984232296819754992611706256866455078125	0.0181698485845949997408155240918858908116817474365234375	0.049637919684003002640526602817772072739899158477783203125	0.150625411454904989394520953283063136041164398193359375	0.267017774851875999697625729822902940213680267333984375	0.49348255431204701704217541191610507667064666748046875	134633.0	170485.845723	201400.0	0.181329741167	218250.0	176	12	2	0.0002661698163429999995470420781629172779503278434276580810546875
St. Clair	7	209	768	165	0.50303030303030304981604103886638768017292022705078125	0.496969696969697005695110192391439341008663177490234375	328	0.445121951219511979846998883658670820295810699462890625	0.55487804878048796464184988508350215852260589599609375	9	1	0	0	0	0	0.1126482213438740054289866066028480418026447296142578125	0.54940711462450597668549789887038059532642364501953125	0.337944664031620989330662041538744233548641204833984375	45000.0	56983.5260116	41100.0	-0.278738911459	23000.0	5	1	18	0.10909090909090900234357235376592143438756465911865234375
Stanton Heights	13	4601	2142	2223	0.94331983805667996012545017947559244930744171142578125	0.05668016194331999824118639708103728480637073516845703125	2115	0.8189125295508270507838233243091963231563568115234375	0.181087470449173004727327906948630698025226593017578125	9.5	1	0	0.01025869759143599978246097492728949873708188533782958984375	0.01070472792149899932123702228636830113828182220458984375	0.00579839429081199959903347718181976233609020709991455078125	0.10214094558429999415327671385966823436319828033447265625	0.55798394290811803575280691802618093788623809814453125	0.313113291703836005286376575895701535046100616455078125	66750.0	84525.5635838	86700.0	0.0257251927582	80710.0	78	24	1	0.00044984255510600000549370491853551357053220272064208984375
Strip District	13	616	195	473	0.8520084566596199948662615497596561908721923828125	0.14799154334038100433446061288123019039630889892578125	254	0.37007874015747999063563611343852244317531585693359375	0.62992125984252000936436388656147755682468414306640625	0	1	0	0	0	0.052264808362368998795322028172449790872633457183837890625	0.1289198606271780012111349833503481931984424591064453125	0.045296167247386998067071317564113996922969818115234375	0.77351916376306595335421434356248937547206878662109375	215900.0	273394.294798	161800.0	-0.40818077378	250000.0	17	0	20	0.042283298097252002001322779278780217282474040985107421875
Summer Hill	1	1051	551	510	0.9431372549019609863307778141461312770843505859375	0.05686274509803899979143437803941196762025356292724609375	539	0.64749536178107602868436742937774397432804107666015625	0.352504638218924026826783801880083046853542327880859375	5	1	0	0	0.0389610389610390017711694099489250220358371734619140625	0	0.233766233766234010627016459693550132215023040771484375	0.32467532467532500550788654436473734676837921142578125	0.402597402597403009050225364262587390840053558349609375	76100.0	96365.4739884	94400.0	-0.0203960392357	67500.0	21	6	0	0
Swisshelm Park	10	1361	627	625	0.96319999999999994511057366253226064145565032958984375	0.036799999999999999378275106209912337362766265869140625	608	0.87006578947368395926531547956983558833599090576171875	0.1299342105263160129791089048012509010732173919677734375	12	1	0	0	0	0	0.163934426229507990147027385319233871996402740478515625	0.35022354694485802184544809279032051563262939453125	0.485842026825632988806802359249559231102466583251953125	82000.0	103836.647399	108600.0	0.0458735207702	124000.0	19	2	2	0.0032000000000000001533495552763497471460141241550445556640625
Terrace Village	15	3228	2074	1509	0.838966202783300030176860673236660659313201904296875	0.1610337972166999975787149423922528512775897979736328125	1286	0.031104199066873998436033588177451747469604015350341796875	0.96889580093312599462507250791531987488269805908203125	0	0.63377556661138800819799143937416374683380126953125	0.36622443338861199180200856062583625316619873046875	0.23803526448362699596827951609157025814056396484375	0.198362720403022996240594011396751739084720611572265625	0.0119647355163730005622735319548155530355870723724365234375	0.2260705289672539919365590321831405162811279296875	0.210957178841309989092422938483650796115398406982421875	0.1146095717884129949748484023075434379279613494873046875	54500.0	69013.3815029	59300.0	-0.140746349351	4658.0	9	2	1	0.000662690523525999962417554201010716496966779232025146484375
Troy Hill	1	2714	1415	1608	0.8389303482587060489805708130006678402423858642578125	0.161069651741294006530580418257159180939197540283203125	1335	0.5565543071161049848427637698478065431118011474609375	0.4434456928838950151572362301521934568881988525390625	3	1	0	0.0029815146094220000561048067311276099644601345062255859375	0.050685748360167003079279623989350511692464351654052734375	0	0.004174120453190000197551956517827420611865818500518798828125	0.06440071556350600301410480597041896544396877288818359375	0.87775790101371498064253273696522228419780731201171875	43400.0	54957.4450867	52600.0	-0.0428958275441	24900.0	63	13	2	0.00124378109452699995261804044588416218175552785396575927734375
Upper Hill	15	2057	1171	1240	0.819354838709676958075078800902701914310455322265625	0.180645161290322986413769967839471064507961273193359375	924	0.75432900432900396037183554653893224895000457763671875	0.2456709956709960118725888378321542404592037200927734375	10	1	0	0.00905797101449300028075395374571598949842154979705810546875	0.007246376811594000023897255147176110767759382724761962890625	0.030797101449274999485083981198840774595737457275390625	0.0778985507246379993429030719198635779321193695068359375	0.1385869565217389964839611593561130575835704803466796875	0.7364130434782609757604632250149734318256378173828125	39400.0	49892.2427746	66300.0	0.328863893723	8003.0	52	9	11	0.008870967741934999983843823656570748426020145416259765625
Upper Lawrenceville	13	2669	1504	1442	0.809986130374479973426105061662383377552032470703125	0.1900138696255199988183193227087031118571758270263671875	1183	0.60608622147083701658942800349905155599117279052734375	0.39391377852916298341057199650094844400882720947265625	5	1	0	0.011385199240986999813518565360936918295919895172119140625	0.006325110689436999784895920839744576369412243366241455078125	0.004427577482605999682763187053069486864842474460601806640625	0.07969639468690699335429172833755728788673877716064453125	0.101834282099937001309086781475343741476535797119140625	0.79633143580012599738182643704931251704692840576171875	35900.0	45460.1907514	48700.0	0.0712669523599	38000.0	65	14	7	0.004854368932039000196498879091677736141718924045562744140625
West End	4	254	211	165	0.745454545454546035898601985536515712738037109375	0.254545454545455018813271408362197689712047576904296875	62	0.33870967741935498196426124195568263530731201171875	0.66129032258064501803573875804431736469268798828125	4	1	0	0	0	0	0.09482758620689700490569151725139818154275417327880859375	0.172413793103448009791378581212484277784824371337890625	0.7327586206896550269362933249794878065586090087890625	26800.0	33936.8554913	29800.0	-0.121898609386	14382.5	10	2	8	0.048484848484847999083857672530939453281462192535400390625
West Oakland	14	2604	638	687	0.86462882096069904047652698864112608134746551513671875	0.1353711790393009872790486269877874292433261871337890625	580	0.384482758620689979434104088795720599591732025146484375	0.6155172413793099650547446799464523792266845703125	2	0.5892785167271259449961462451028637588024139404296875	0.410721483272873999492702523639309220016002655029296875	0.1019283746556469971711322841656510718166828155517578125	0.2190082644628099928230113846439053304493427276611328125	0	0.139118457300275000232403499467181973159313201904296875	0.06887052341597800497741133085582987405359745025634765625	0.4710743801652890194731071460410021245479583740234375	47500.0	60149.2774566	61100.0	0.0158060509378	66000.0	17	3	1	0.0014556040756910000079360489877444706507958471775054931640625
Westwood	4	3066	1499	1496	0.9378342245989299552633156054071150720119476318359375	0.06216577540107000310332097114951466210186481475830078125	1470	0.7823129251700680075742866392829455435276031494140625	0.2176870748299319924257133607170544564723968505859375	9	1	0	0.00737553779963100002159404056101266178302466869354248046875	0.02704363859864800101462378734140656888484954833984375	0.0282728948985860005504999747927286080084741115570068359375	0.253226797787338975265214457976981066167354583740234375	0.44191763982790399634126288219704292714595794677734375	0.2421634910878920077248466213859501294791698455810546875	72200.0	91426.9017341	93700.0	0.0248624663286	70000.0	49	11	2	0.00133689839572200008278868299527175622642971575260162353515625
Windgap	4	1369	667	671	0.9359165424739199767856234757346101105213165283203125	0.0640834575260799954588009086364763788878917694091796875	615	0.910569105691056979168251928058452904224395751953125	0.0894308943089429930761724563126335851848125457763671875	13	1	0	0	0.0290697674418599998069634438024877454154193401336669921875	0.03197674418604599944071509298737510107457637786865234375	0.4011627906976740209898935063392855226993560791015625	0.2165697674418599893986225879416451789438724517822265625	0.321220930232557988492914091693819500505924224853515625	66000.0	83575.8381503	78200.0	-0.0643228745205	59950.0	22	4	13	0.0193740685543959990921880631731255562044680118560791015625
